Date,Link
1 June 2021,https://www.bbc.com/sport/57308308
2 June 2021,https://www.bbc.com/sport/57322786
3 June 2021,https://www.bbc.com/sport/57333960
4 June 2021,https://www.bbc.com/sport/57349258
5 June 2021,https://www.bbc.com/sport/57362162
6 June 2021,https://www.bbc.com/sport/57371050
7 June 2021,https://www.bbc.com/sport/57378351
8 June 2021,https://www.bbc.com/sport/57388849
9 June 2021,https://www.bbc.com/sport/57403600
10 June 2021,https://www.bbc.com/sport/57418179
11 June 2021,https://www.bbc.com/sport/57431592
12 June 2021,https://www.bbc.com/sport/57447155
13 June 2021,https://www.bbc.com/sport/57455063
14 June 2021,https://www.bbc.com/sport/57461891
15 June 2021,https://www.bbc.com/sport/57472894
16 June 2021,https://www.bbc.com/sport/57478381
17 June 2021,https://www.bbc.com/sport/57501337
18 June 2021,https://www.bbc.com/sport/57516493
19 June 2021,https://www.bbc.com/sport/57530574
20 June 2021,https://www.bbc.com/sport/57541112
21 June 2021,https://www.bbc.com/sport/57546766
22 June 2021,https://www.bbc.com/sport/57557120
23 June 2021,https://www.bbc.com/sport/57546038
24 June 2021,https://www.bbc.com/sport/57576444
25 June 2021,https://www.bbc.com/sport/57600170
26 June 2021,https://www.bbc.com/sport/57614537
27 June 2021,https://www.bbc.com/sport/57624567
28 June 2021,https://www.bbc.com/sport/57632154
29 June 2021,https://www.bbc.com/sport/57611138
30 June 2021,https://www.bbc.com/sport/57647384
1 July 2021,https://www.bbc.com/sport/57660536
2 July 2021,https://www.bbc.com/sport/57684813
3 July 2021,https://www.bbc.com/sport/57699181
4 July 2021,https://www.bbc.com/sport/57708007
5 July 2021,https://www.bbc.com/sport/57715535
6 July 2021,https://www.bbc.com/sport/57727640
7 July 2021,https://www.bbc.com/sport/57739893
8 July 2021,https://www.bbc.com/sport/57743932
9 July 2021,https://www.bbc.com/sport/57767287
10 July 2021,https://www.bbc.com/sport/57783865
11 July 2021,https://www.bbc.com/sport/57790810
12 July 2021,https://www.bbc.com/sport/57797169
13 July 2021,https://www.bbc.com/sport/57812556
14 July 2021,https://www.bbc.com/sport/57827835
15 July 2021,https://www.bbc.com/sport/football/57840879
16 July 2021,https://www.bbc.com/sport/57853628
17 July 2021,https://www.bbc.com/sport/57866158
18 July 2021,https://www.bbc.com/sport/57869741
19 July 2021,https://www.bbc.com/sport/57877203
20 July 2021,https://www.bbc.com/sport/57891899
22 July 2021,https://www.bbc.com/sport/57897223
23 July 2021,https://www.bbc.com/sport/57923616
24 July 2021,https://www.bbc.com/sport/57947165
25 July 2021,https://www.bbc.com/sport/57957980
26 July 2021,https://www.bbc.com/sport/57957280
27 July 2021,https://www.bbc.com/sport/57976684
28 July 2021,https://www.bbc.com/sport/57988298
29 July 2021,https://www.bbc.com/sport/58002444
30 July 2021,https://www.bbc.com/sport/58016031
31 July 2021,https://www.bbc.com/sport/58030470
1 August 2021,https://www.bbc.com/sport/58041624
2 August 2021,https://www.bbc.com/sport/58049038
3 August 2021,https://www.bbc.com/sport/58061419
4 August 2021,https://www.bbc.com/sport/58074849
5 August 2021,https://www.bbc.com/sport/58090385
6 August 2021,https://www.bbc.com/sport/58104411
7 August 2021,https://www.bbc.com/sport/58119362
8 August 2021,https://www.bbc.com/sport/58130256
9 August 2021,https://www.bbc.com/sport/58138805
10 August 2021,https://www.bbc.com/sport/58150658
11 August 2021,https://www.bbc.com/sport/58162250
12 August 2021,https://www.bbc.com/sport/58175942
13 August 2021,https://www.bbc.com/sport/58190754
7 August 2021,https://www.bbc.com/sport/58119362
8 August 2021,https://www.bbc.com/sport/58130256
9 August 2021,https://www.bbc.com/sport/58138805
10 August 2021,https://www.bbc.com/sport/58150658
11 August 2021,https://www.bbc.com/sport/58162250
12 August 2021,https://www.bbc.com/sport/58175942
13 August 2021,https://www.bbc.com/sport/58190754
13 August 2021,https://www.bbc.com/sport/58190754
14 August 2021,https://www.bbc.com/sport/58204135
15 August 2021,https://www.bbc.com/sport/58215765
16 August 2021,https://www.bbc.com/sport/58223358
17 August 2021,https://www.bbc.com/sport/58233914
18 August 2021,https://www.bbc.com/sport/58248986
19 August 2021,https://www.bbc.com/sport/58260786
20 August 2021,https://www.bbc.com/sport/58271751
21 August 2021,https://www.bbc.com/sport/58284955
22 August 2021,https://www.bbc.com/sport/58293547
23 August 2021,https://www.bbc.com/sport/58299045
24 August 2021,https://www.bbc.com/sport/58301224
25 August 2021,https://www.bbc.com/sport/58312551
26 August 2021,https://www.bbc.com/sport/58333774
27 August 2021,https://www.bbc.com/sport/58345781
28 August 2021,https://www.bbc.com/sport/58363461
29 August 2021,https://www.bbc.com/sport/58371837
30 August 2021,https://www.bbc.com/sport/58372871
1 September 2021,https://www.bbc.com/sport/58399760
2 September 2021,https://www.bbc.com/sport/58412776
3 September 2021,https://www.bbc.com/sport/58416881
4 September 2021,https://www.bbc.com/sport/58416952
5 September 2021,https://www.bbc.com/sport/58449597
6 September 2021,https://www.bbc.com/sport/58453988
7 September 2021,https://www.bbc.com/sport/58466478
8 September 2021,https://www.bbc.com/sport/58482109
9 September 2021,https://www.bbc.com/sport/58491354
10 September 2021,https://www.bbc.com/sport/58505224
11 September 2021,https://www.bbc.com/sport/58520495
12 September 2021,https://www.bbc.com/sport/58374576
13 September 2021,https://www.bbc.com/sport/58533675
14 September 2021,https://www.bbc.com/sport/58548659
15 September 2021,https://www.bbc.com/sport/58549461
16 September 2021,https://www.bbc.com/sport/58574949
17 September 2021,https://www.bbc.com/sport/58587283
18 September 2021,https://www.bbc.com/sport/58600364
19 September 2021,https://www.bbc.com/sport/58612441
20 September 2021,https://www.bbc.com/sport/58617634
21 September 2021,https://www.bbc.com/sport/58620311
22 September 2021,https://www.bbc.com/sport/58633593
28 September 2021,https://www.bbc.com/sport/58710608
29 September 2021,https://www.bbc.com/sport/58724374
1 October 2021,https://www.bbc.com/sport/58752425
2 October 2021,https://www.bbc.com/sport/58765788
3 October 2021,https://www.bbc.com/sport/58775499
5 October 2021,https://www.bbc.com/sport/58793469
6 October 2021,https://www.bbc.com/sport/58792420
7 October 2021,https://www.bbc.com/sport/58820880
8 October 2021,https://www.bbc.com/sport/58835257
9 October 2021,https://www.bbc.com/sport/58814068
10 October 2021,https://www.bbc.com/sport/58852255
11 October 2021,https://www.bbc.com/sport/58859679
12 October 2021,https://www.bbc.com/sport/58866075
13 October 2021,https://www.bbc.com/sport/58879293
14 October 2021,https://www.bbc.com/sport/58902197
15 October 2021,https://www.bbc.com/sport/58915837
16 October 2021,https://www.bbc.com/sport/58930106
17 October 2021,https://www.bbc.com/sport/58940842
18 October 2021,https://www.bbc.com/sport/58947759
19 October 2021,https://www.bbc.com/sport/58912938
20 October 2021,https://www.bbc.com/sport/58972684
21 October 2021,https://www.bbc.com/sport/58987083
22 October 2021,https://www.bbc.com/sport/59000298
24 October 2021,https://www.bbc.com/sport/59024737
25 October 2021,https://www.bbc.com/sport/59031998
26 October 2021,https://www.bbc.com/sport/59041669
27 October 2021,https://www.bbc.com/sport/59045925
28 October 2021,https://www.bbc.com/sport/59067501
29 October 2021,https://www.bbc.com/sport/59081451
30 October 2021,https://www.bbc.com/sport/59058557
31 October 2021,https://www.bbc.com/sport/59104058
1 November 2021,https://www.bbc.com/sport/59112086
2 November 2021,https://www.bbc.com/sport/59123963
3 November 2021,https://www.bbc.com/sport/59138703
4 November 2021,https://www.bbc.com/sport/59138703
5 November 2021,https://www.bbc.com/sport/59167157
6 November 2021,https://www.bbc.com/sport/59181254
7 November 2021,https://www.bbc.com/sport/59186917
8 November 2021,https://www.bbc.com/sport/59194578
9 November 2021,https://www.bbc.com/sport/59114162
10 November 2021,https://www.bbc.com/sport/59215995
11 November 2021,https://www.bbc.com/sport/59240631
12 November 2021,https://www.bbc.com/sport/59255389
13 November 2021,https://www.bbc.com/sport/59261955
14 November 2021,https://www.bbc.com/sport/59275949
15 November 2021,https://www.bbc.com/sport/59282920
16 November 2021,https://www.bbc.com/sport/59296228
17 November 2021,https://www.bbc.com/sport/59309396
18 November 2021,https://www.bbc.com/sport/59337875
20 November 2021,https://www.bbc.com/sport/59351526
21 November 2021,https://www.bbc.com/sport/59356113
22 November 2021,https://www.bbc.com/sport/59362964
23 November 2021,https://www.bbc.com/sport/59380102
24 November 2021,https://www.bbc.com/sport/59391768
26 November 2021,https://www.bbc.com/sport/59420969
27 November 2021,https://www.bbc.com/sport/59425541
28 November 2021,https://www.bbc.com/sport/59447911
29 November 2021,https://www.bbc.com/sport/59454537
30 November 2021,https://www.bbc.com/sport/59469006
1 December 2021,https://www.bbc.com/sport/59480605
2 December 2021,https://www.bbc.com/sport/59495587
3 December 2021,https://www.bbc.com/sport/59510479
4 December 2021,https://www.bbc.com/sport/59523734
5 December 2021,https://www.bbc.com/sport/59522041
6 December 2021,https://www.bbc.com/sport/59536454
7 December 2021,https://www.bbc.com/sport/59556830
8 December 2021,https://www.bbc.com/sport/59570092
9 December 2021,https://www.bbc.com/sport/59583664
10 December 2021,https://www.bbc.com/sport/59599592
11 December 2021,https://www.bbc.com/sport/59613700
12 December 2021,https://www.bbc.com/sport/59623389
13 December 2021,https://www.bbc.com/sport/59630022
14 December 2021,https://www.bbc.com/sport/59642439
15 December 2021,https://www.bbc.com/sport/59657196
16 December 2021,https://www.bbc.com/sport/59672559
17 December 2021,https://www.bbc.com/sport/59690577
18 December 2021,https://www.bbc.com/sport/59702446
19 December 2021,https://www.bbc.com/sport/59711705
20 December 2021,https://www.bbc.com/sport/59720386
21 December 2021,https://www.bbc.com/sport/59736095
22 December 2021,https://www.bbc.com/sport/59745709
23 December 2021,https://www.bbc.com/sport/59760903
24 December 2021,https://www.bbc.com/sport/59773494
26 December 2021,https://www.bbc.com/sport/59793565
27 December 2021,https://www.bbc.com/sport/59782641
28 December 2021,https://www.bbc.com/sport/59804221
29 December 2021,https://www.bbc.com/sport/59806196
30 December 2021,https://www.bbc.com/sport/59814197
31 December 2021,https://www.bbc.com/sport/59833826
1 January 2022,https://www.bbc.com/sport/59840889
2 January 2022,https://www.bbc.com/sport/59849403
3 January 2022,https://www.bbc.com/sport/59852823
4 January 2022,https://www.bbc.com/sport/59860687
5 January 2022,https://www.bbc.com/sport/59871677
6 January 2022,https://www.bbc.com/sport/59885273
7 January 2022,https://www.bbc.com/sport/59899102
8 January 2022,https://www.bbc.com/sport/59913576
9 January 2022,https://www.bbc.com/sport/59924678
10 January 2022,https://www.bbc.com/sport/59930065
11 January 2022,https://www.bbc.com/sport/59946918
13 January 2022,https://www.bbc.com/sport/59971483
14 January 2022,https://www.bbc.com/sport/59987967
15 January 2022,https://www.bbc.com/sport/59999233
16 January 2022,https://www.bbc.com/sport/59999330
17 January 2022,https://www.bbc.com/sport/60018249
18 January 2022,https://www.bbc.com/sport/60028945
19 January 2022,https://www.bbc.com/sport/60042747
20 January 2022,https://www.bbc.com/sport/60014293
21 January 2022,https://www.bbc.com/sport/60056492
22 January 2022,https://www.bbc.com/sport/60088716
23 January 2022,https://www.bbc.com/sport/60084296
24 January 2022,https://www.bbc.com/sport/60104692
25 January 2022,https://www.bbc.com/sport/60116435
26 January 2022,https://www.bbc.com/sport/60134433
27 January 2022,https://www.bbc.com/sport/60145233
28 January 2022,https://www.bbc.com/sport/60127487
29 January 2022,https://www.bbc.com/sport/60167441
31 January 2022,https://www.bbc.com/sport/60191675
1 February 2022,https://www.bbc.com/sport/60207177
2 February 2022,https://www.bbc.com/sport/60220456
3 February 2022,https://www.bbc.com/sport/60233801
4 February 2022,https://www.bbc.com/sport/60250265
5 February 2022,https://www.bbc.com/sport/60254653
6 February 2022,https://www.bbc.com/sport/60275879
7 February 2022,https://www.bbc.com/sport/60281774
8 February 2022,https://www.bbc.com/sport/60248306
10 February 2022,https://www.bbc.com/sport/60312882
11 February 2022,https://www.bbc.com/sport/60337579
12 February 2022,https://www.bbc.com/sport/60351498
13 February 2022,https://www.bbc.com/sport/60362287
14 February 2022,https://www.bbc.com/sport/60370029
15 February 2022,https://www.bbc.com/sport/60382564
16 February 2022,https://www.bbc.com/sport/60396352
17 February 2022,https://www.bbc.com/sport/60406809
18 February 2022,https://www.bbc.com/sport/60411573
19 February 2022,https://www.bbc.com/sport/60426067
20 February 2022,https://www.bbc.com/sport/60447397
21 February 2022,https://www.bbc.com/sport/60455922
22 February 2022,https://www.bbc.com/sport/60472298
23 February 2022,https://www.bbc.com/sport/60482779
24 February 2022,https://www.bbc.com/sport/60496937
25 February 2022,https://www.bbc.com/sport/60482602
26 February 2022,https://www.bbc.com/sport/60528237
27 February 2022,https://www.bbc.com/sport/60533539
28 February 2022,https://www.bbc.com/sport/60542444
1 March 2022,https://www.bbc.com/sport/60562721
2 March 2022,https://www.bbc.com/sport/60579792
3 March 2022,https://www.bbc.com/sport/60596350
4 March 2022,https://www.bbc.com/sport/60622591
6 March 2022,https://www.bbc.com/sport/60632790
7 March 2022,https://www.bbc.com/sport/60640344
8 March 2022,https://www.bbc.com/sport/60641202
9 March 2022,https://www.bbc.com/sport/60670399
10 March 2022,https://www.bbc.com/sport/60656410
12 March 2022,https://www.bbc.com/sport/60702268
13 March 2022,https://www.bbc.com/sport/60721898
14 March 2022,https://www.bbc.com/sport/60729337
15 March 2022,https://www.bbc.com/sport/60742526
16 March 2022,https://www.bbc.com/sport/60758733
17 March 2022,https://www.bbc.com/sport/60769308
18 March 2022,https://www.bbc.com/sport/60785196
19 March 2022,https://www.bbc.com/sport/60798130
20 March 2022,https://www.bbc.com/sport/60803029
21 March 2022,https://www.bbc.com/sport/60810370
22 March 2022,https://www.bbc.com/sport/60826010
23 March 2022,https://www.bbc.com/sport/60840932
24 March 2022,https://www.bbc.com/sport/60852694
25 March 2022,https://www.bbc.com/sport/60865750
26 March 2022,https://www.bbc.com/sport/60878045
27 March 2022,https://www.bbc.com/sport/60888399
28 March 2022,https://www.bbc.com/sport/60895269
29 March 2022,https://www.bbc.com/sport/60904820
30 March 2022,https://www.bbc.com/sport/60919195
31 March 2022,https://www.bbc.com/sport/60931451
1 April 2022,https://www.bbc.com/sport/60944994
2 April 2022,https://www.bbc.com/sport/60958842
3 April 2022,https://www.bbc.com/sport/60968085
4 April 2022,https://www.bbc.com/sport/60975363
5 April 2022,https://www.bbc.com/sport/60986776
6 April 2022,https://www.bbc.com/sport/61000287
7 April 2022,https://www.bbc.com/sport/61015123
8 April 2022,https://www.bbc.com/sport/61031006
9 April 2022,https://www.bbc.com/sport/61033075
10 April 2022,https://www.bbc.com/sport/61042949
11 April 2022,https://www.bbc.com/sport/61059906
12 April 2022,https://www.bbc.com/sport/61071674
13 April 2022,https://www.bbc.com/sport/61084171
14 April 2022,https://www.bbc.com/sport/61097896
15 April 2022,https://www.bbc.com/sport/61111041
16 April 2022,https://www.bbc.com/sport/61120860
17 April 2022,https://www.bbc.com/sport/61128899
18 April 2022,https://www.bbc.com/sport/61135140
19 April 2022,https://www.bbc.com/sport/61142081
20 April 2022,https://www.bbc.com/sport/61152725
21 April 2022,https://www.bbc.com/sport/61169063
22 April 2022,https://www.bbc.com/sport/61171345
23 April 2022,https://www.bbc.com/sport/61194084
24 April 2022,https://www.bbc.com/sport/61204236
26 April 2022,https://www.bbc.com/sport/61220630
27 April 2022,https://www.bbc.com/sport/61233942
28 April 2022,https://www.bbc.com/sport/61248147
29 April 2022,https://www.bbc.com/sport/61262715
30 April 2022,https://www.bbc.com/sport/61276510
1 May 2022,https://www.bbc.com/sport/61254238
2 May 2022,https://www.bbc.com/sport/61288047
3 May 2022,https://www.bbc.com/sport/61300780
4 May 2022,https://www.bbc.com/sport/61294476
5 May 2022,https://www.bbc.com/sport/61324821
6 May 2022,https://www.bbc.com/sport/61337097
7 May 2022,https://www.bbc.com/sport/61352823
8 May 2022,https://www.bbc.com/sport/61364609
9 May 2022,https://www.bbc.com/sport/61374202
10 May 2022,https://www.bbc.com/sport/61294775
11 May 2022,https://www.bbc.com/sport/61395194
12 May 2022,https://www.bbc.com/sport/61413296
13 May 2022,https://www.bbc.com/sport/61427106
14 May 2022,https://www.bbc.com/sport/61441994
15 May 2022,https://www.bbc.com/sport/61451036
16 May 2022,https://www.bbc.com/sport/61457852
17 May 2022,https://www.bbc.com/sport/61469412
18 May 2022,https://www.bbc.com/sport/61474404
19 May 2022,https://www.bbc.com/sport/61497951
20 May 2022,https://www.bbc.com/sport/61512516
21 May 2022,https://www.bbc.com/sport/61526875
22 May 2022,https://www.bbc.com/sport/61534597
23 May 2022,https://www.bbc.com/sport/61543382
24 May 2022,https://www.bbc.com/sport/61555490
25 May 2022,https://www.bbc.com/sport/61569169
26 May 2022,https://www.bbc.com/sport/61585574
27 May 2022,https://www.bbc.com/sport/61598142
28 May 2022,https://www.bbc.com/sport/61613329
29 May 2022,https://www.bbc.com/sport/61619306
30 May 2022,https://www.bbc.com/sport/61628449
31 May 2022,https://www.bbc.com/sport/61638998
1 June 2022,https://www.bbc.com/sport/61650602
