date,link
1 February 2021,https://www.bbc.com/sport/55882192
2 February 2021,https://www.bbc.com/sport/55891848
3 February 2021,https://www.bbc.com/sport/55907685
4 February 2021,https://www.bbc.com/sport/55923941
5 February 2021,https://www.bbc.com/sport/55942690
6 February 2021,https://www.bbc.com/sport/55954118
7 February 2021,https://www.bbc.com/sport/55949712
8 February 2021,https://www.bbc.com/sport/55967423
9 February 2021,https://www.bbc.com/sport/55985080
10 February 2021,https://www.bbc.com/sport/56000772
11 February 2021,https://www.bbc.com/sport/56014969
12 February 2021,https://www.bbc.com/sport/56018961
13 February 2021,https://www.bbc.com/sport/56046889
14 February 2021,https://www.bbc.com/sport/56055873
15 February 2021,https://www.bbc.com/sport/56065563
16 February 2021,https://www.bbc.com/sport/56074540
17 February 2021,https://www.bbc.com/sport/56088199
18 February 2021,https://www.bbc.com/sport/56101647
19 February 2021,https://www.bbc.com/sport/56116227
20 February 2021,https://www.bbc.com/sport/56132303
21 February 2021,https://www.bbc.com/sport/56133509
22 February 2021,https://www.bbc.com/sport/56143318
23 February 2021,https://www.bbc.com/sport/56149973
24 February 2021,https://www.bbc.com/sport/56172239
25 February 2021,https://www.bbc.com/sport/56186795
26 February 2021,https://www.bbc.com/sport/56200407
27 February 2021,https://www.bbc.com/sport/56214737
28 February 2021,https://www.bbc.com/sport/56224384
1 March 2021,https://www.bbc.com/sport/56227203
2 March 2021,https://www.bbc.com/sport/56247295
3 March 2021,https://www.bbc.com/sport/56259386
4 March 2021,https://www.bbc.com/sport/56270083
5 March 2021,https://www.bbc.com/sport/56283440
6 March 2021,https://www.bbc.com/sport/56299152
7 March 2021,https://www.bbc.com/sport/56308726
8 March 2021,https://www.bbc.com/sport/56315784
9 March 2021,https://www.bbc.com/sport/56324707
10 March 2021,https://www.bbc.com/sport/56341342
11 March 2021,https://www.bbc.com/sport/56350033
12 March 2021,https://www.bbc.com/sport/56364611
13 March 2021,https://www.bbc.com/sport/56377963
14 March 2021,https://www.bbc.com/sport/56357289
15 March 2021,https://www.bbc.com/sport/56390276
16 March 2021,https://www.bbc.com/sport/56405974
17 March 2021,https://www.bbc.com/sport/56418676
18 March 2021,https://www.bbc.com/sport/56432780
19 March 2021,https://www.bbc.com/sport/56447627
20 March 2021,https://www.bbc.com/sport/56460470
21 March 2021,https://www.bbc.com/sport/56470167
22 March 2021,https://www.bbc.com/sport/56472720
23 March 2021,https://www.bbc.com/sport/56489109
24 March 2021,https://www.bbc.com/sport/56501041
25 March 2021,https://www.bbc.com/sport/56516091
26 March 2021,https://www.bbc.com/sport/56528775
27 March 2021,https://www.bbc.com/sport/56545700
28 March 2021,https://www.bbc.com/sport/56527502
29 March 2021,https://www.bbc.com/sport/56553011
30 March 2021,https://www.bbc.com/sport/56568493
31 March 2021,https://www.bbc.com/sport/56580499
1 April 2021,https://www.bbc.com/sport/56592999
2 April 2021,https://www.bbc.com/sport/56606697
3 April 2021,https://www.bbc.com/sport/56617948
4 April 2021,https://www.bbc.com/sport/56626413
5 April 2021,https://www.bbc.com/sport/56635397
6 April 2021,https://www.bbc.com/sport/56641796
7 April 2021,https://www.bbc.com/sport/56652675
8 April 2021,https://www.bbc.com/sport/56667106
9 April 2021,https://www.bbc.com/sport/56680378
10 April 2021,https://www.bbc.com/sport/56695638
11 April 2021,https://www.bbc.com/sport/56704219
12 April 2021,https://www.bbc.com/sport/56710538
13 April 2021,https://www.bbc.com/sport/56723735
14 April 2021,https://www.bbc.com/sport/56735782
15 April 2021,https://www.bbc.com/sport/56750132
16 April 2021,https://www.bbc.com/sport/56763239
17 April 2021,https://www.bbc.com/sport/56777027
18 April 2021,https://www.bbc.com/sport/56771502
19 April 2021,https://www.bbc.com/sport/56796100
20 April 2021,https://www.bbc.com/sport/56695458
21 April 2021,https://www.bbc.com/sport/56819367
22 April 2021,https://www.bbc.com/sport/56836040
23 April 2021,https://www.bbc.com/sport/56849393
24 April 2021,https://www.bbc.com/sport/56865409
25 April 2021,https://www.bbc.com/sport/56882358
26 April 2021,https://www.bbc.com/sport/56880787
27 April 2021,https://www.bbc.com/sport/56895486
28 April 2021,https://www.bbc.com/sport/56909466
29 April 2021,https://www.bbc.com/sport/56918386
30 April 2021,https://www.bbc.com/sport/56934781
1 May 2021,https://www.bbc.com/sport/56947370
2 May 2021,https://www.bbc.com/sport/56933225
3 May 2021,https://www.bbc.com/sport/56959967
4 May 2021,https://www.bbc.com/sport/56972663
5 May 2021,https://www.bbc.com/sport/56984218
6 May 2021,https://www.bbc.com/sport/56999252
7 May 2021,https://www.bbc.com/sport/57012165
8 May 2021,https://www.bbc.com/sport/57031345
9 May 2021,https://www.bbc.com/sport/57036405
10 May 2021,https://www.bbc.com/sport/57048382
11 May 2021,https://www.bbc.com/sport/57050256
12 May 2021,https://www.bbc.com/sport/57075759
13 May 2021,https://www.bbc.com/sport/57090232
14 May 2021,https://www.bbc.com/sport/57104329
15 May 2021,https://www.bbc.com/sport/57120323
16 May 2021,https://www.bbc.com/sport/57115432
17 May 2021,https://www.bbc.com/sport/57131718
18 May 2021,https://www.bbc.com/sport/57147843
19 May 2021,https://www.bbc.com/sport/57160593
20 May 2021,https://www.bbc.com/sport/57174915
21 May 2021,https://www.bbc.com/sport/57189976
23 May 2021,https://www.bbc.com/sport/57213462
24 May 2021,https://www.bbc.com/sport/57220370
25 May 2021,https://www.bbc.com/sport/57233965
26 May 2021,https://www.bbc.com/sport/57241513
27 May 2021,https://www.bbc.com/sport/57260850
28 May 2021,https://www.bbc.com/sport/57272269
29 May 2021,https://www.bbc.com/sport/57283970
30 May 2021,https://www.bbc.com/sport/57296261
31 May 2021,https://www.bbc.com/sport/57302276
1 June 2021,https://www.bbc.com/sport/57308308
2 June 2021,https://www.bbc.com/sport/57322786
3 June 2021,https://www.bbc.com/sport/57333960
4 June 2021,https://www.bbc.com/sport/57349258
5 June 2021,https://www.bbc.com/sport/57362162
6 June 2021,https://www.bbc.com/sport/57371050
7 June 2021,https://www.bbc.com/sport/57378351
8 June 2021,https://www.bbc.com/sport/57388849
9 June 2021,https://www.bbc.com/sport/57403600
10 June 2021,https://www.bbc.com/sport/57418179
11 June 2021,https://www.bbc.com/sport/57431592
12 June 2021,https://www.bbc.com/sport/57447155
13 June 2021,https://www.bbc.com/sport/57455063
14 June 2021,https://www.bbc.com/sport/57461891
15 June 2021,https://www.bbc.com/sport/57472894
16 June 2021,https://www.bbc.com/sport/57478381
17 June 2021,https://www.bbc.com/sport/57501337
18 June 2021,https://www.bbc.com/sport/57516493
19 June 2021,https://www.bbc.com/sport/57530574
20 June 2021,https://www.bbc.com/sport/57541112
21 June 2021,https://www.bbc.com/sport/57550621
22 June 2021,https://www.bbc.com/sport/57557120
23 June 2021,https://www.bbc.com/sport/57546038
24 June 2021,https://www.bbc.com/sport/57576444
25 June 2021,https://www.bbc.com/sport/57600170
26 June 2021,https://www.bbc.com/sport/57614537
27 June 2021,https://www.bbc.com/sport/57624567
28 June 2021,https://www.bbc.com/sport/57632154
29 June 2021,https://www.bbc.com/sport/57611138
30 June 2021,https://www.bbc.com/sport/57647384
1 July 2021,https://www.bbc.com/sport/57660536
2 July 2021,https://www.bbc.com/sport/57684813
3 July 2021,https://www.bbc.com/sport/57699181
4 July 2021,https://www.bbc.com/sport/57708007
5 July 2021,https://www.bbc.com/sport/57715535
6 July 2021,https://www.bbc.com/sport/57727640
7 July 2021,https://www.bbc.com/sport/57739893
8 July 2021,https://www.bbc.com/sport/57743932
9 July 2021,https://www.bbc.com/sport/57767287
10 July 2021,https://www.bbc.com/sport/57783865
11 July 2021,https://www.bbc.com/sport/57790810
12 July 2021,https://www.bbc.com/sport/57797169
13 July 2021,https://www.bbc.com/sport/57812556
14 July 2021,https://www.bbc.com/sport/57827835
15 July 2021,https://www.bbc.com/sport/football/57840879
16 July 2021,https://www.bbc.com/sport/57853628
17 July 2021,https://www.bbc.com/sport/57866158
18 July 2021,https://www.bbc.com/sport/57869741
19 July 2021,https://www.bbc.com/sport/57877203
20 July 2021,https://www.bbc.com/sport/57891899
22 July 2021,https://www.bbc.com/sport/57897223
23 July 2021,https://www.bbc.com/sport/57923616
24 July 2021,https://www.bbc.com/sport/57947165
25 July 2021,https://www.bbc.com/sport/57957980
26 July 2021,https://www.bbc.com/sport/57957280
27 July 2021,https://www.bbc.com/sport/57976684
28 July 2021,https://www.bbc.com/sport/57988298
29 July 2021,https://www.bbc.com/sport/58002444
30 July 2021,https://www.bbc.com/sport/58016031
31 July 2021,https://www.bbc.com/sport/58030470
1 August 2021,https://www.bbc.com/sport/58041624
2 August 2021,https://www.bbc.com/sport/58049038
3 August 2021,https://www.bbc.com/sport/58061419
4 August 2021,https://www.bbc.com/sport/58074849
5 August 2021,https://www.bbc.com/sport/58090385
6 August 2021,https://www.bbc.com/sport/58104411
7 August 2021,https://www.bbc.com/sport/58119362
8 August 2021,https://www.bbc.com/sport/58130256
9 August 2021,https://www.bbc.com/sport/58138805
10 August 2021,https://www.bbc.com/sport/58150658
11 August 2021,https://www.bbc.com/sport/58162250
12 August 2021,https://www.bbc.com/sport/58175942
13 August 2021,https://www.bbc.com/sport/58190754
14 August 2021,https://www.bbc.com/sport/58204135
15 August 2021,https://www.bbc.com/sport/58215765
16 August 2021,https://www.bbc.com/sport/58223358
17 August 2021,https://www.bbc.com/sport/58233914
18 August 2021,https://www.bbc.com/sport/58248986
19 August 2021,https://www.bbc.com/sport/58260786
20 August 2021,https://www.bbc.com/sport/58271751
21 August 2021,https://www.bbc.com/sport/58284955
22 August 2021,https://www.bbc.com/sport/58293547
23 August 2021,https://www.bbc.com/sport/58299045
24 August 2021,https://www.bbc.com/sport/58301224
25 August 2021,https://www.bbc.com/sport/58312551
26 August 2021,https://www.bbc.com/sport/58333774
27 August 2021,https://www.bbc.com/sport/58345781
28 August 2021,https://www.bbc.com/sport/58363461
29 August 2021,https://www.bbc.com/sport/58371837
30 August 2021,https://www.bbc.com/sport/58372871
1 September 2021,https://www.bbc.com/sport/58399760
2 September 2021,https://www.bbc.com/sport/58412776
3 September 2021,https://www.bbc.com/sport/58416881
4 September 2021,https://www.bbc.com/sport/58416952
5 September 2021,https://www.bbc.com/sport/58449597
6 September 2021,https://www.bbc.com/sport/58453988
7 September 2021,https://www.bbc.com/sport/58466478
8 September 2021,https://www.bbc.com/sport/58482109
9 September 2021,https://www.bbc.com/sport/58491354
10 September 2021,https://www.bbc.com/sport/58505224
11 September 2021,https://www.bbc.com/sport/58520495
12 September 2021,https://www.bbc.com/sport/58374576
13 September 2021,https://www.bbc.com/sport/58533675
14 September 2021,https://www.bbc.com/sport/58548659
15 September 2021,https://www.bbc.com/sport/58549461
16 September 2021,https://www.bbc.com/sport/58574949
17 September 2021,https://www.bbc.com/sport/58587283
18 September 2021,https://www.bbc.com/sport/58600364
19 September 2021,https://www.bbc.com/sport/58612441
20 September 2021,https://www.bbc.com/sport/58617634
21 September 2021,https://www.bbc.com/sport/58620311
22 September 2021,https://www.bbc.com/sport/58633593
28 September 2021,https://www.bbc.com/sport/58710608
29 September 2021,https://www.bbc.com/sport/58724374
30 September 2021,https://www.bbc.com/sport/58738398
1 October 2021,https://www.bbc.com/sport/58752425
2 October 2021,https://www.bbc.com/sport/58765788
3 October 2021,https://www.bbc.com/sport/58775499
4 October 2021,https://www.bbc.com/sport/58782691
5 October 2021,https://www.bbc.com/sport/58793469
6 October 2021,https://www.bbc.com/sport/58792420
7 October 2021,https://www.bbc.com/sport/58820880
8 October 2021,https://www.bbc.com/sport/58835257
9 October 2021,https://www.bbc.com/sport/58814068
10 October 2021,https://www.bbc.com/sport/58852255
11 October 2021,https://www.bbc.com/sport/58859679
12 October 2021,https://www.bbc.com/sport/58866075
13 October 2021,https://www.bbc.com/sport/58879293
14 October 2021,https://www.bbc.com/sport/58902197
15 October 2021,https://www.bbc.com/sport/58915837
16 October 2021,https://www.bbc.com/sport/58930106
17 October 2021,https://www.bbc.com/sport/58940842
18 October 2021,https://www.bbc.com/sport/58947759
19 October 2021,https://www.bbc.com/sport/58912938
20 October 2021,https://www.bbc.com/sport/58972684
21 October 2021,https://www.bbc.com/sport/58987083
22 October 2021,https://www.bbc.com/sport/59000298
23 October 2021,https://www.bbc.com/sport/59013142
24 October 2021,https://www.bbc.com/sport/59024737
25 October 2021,https://www.bbc.com/sport/59031998
26 October 2021,https://www.bbc.com/sport/59041669
27 October 2021,https://www.bbc.com/sport/59045925
28 October 2021,https://www.bbc.com/sport/59067501
29 October 2021,https://www.bbc.com/sport/59081451
30 October 2021,https://www.bbc.com/sport/59058557
31 October 2021,https://www.bbc.com/sport/59104058
1 November 2021,https://www.bbc.com/sport/59112086
2 November 2021,https://www.bbc.com/sport/59123963
3 November 2021,https://www.bbc.com/sport/59138703
4 November 2021,https://www.bbc.com/sport/59138703
5 November 2021,https://www.bbc.com/sport/59167157
6 November 2021,https://www.bbc.com/sport/59181254
7 November 2021,https://www.bbc.com/sport/59186917
8 November 2021,https://www.bbc.com/sport/59194578
9 November 2021,https://www.bbc.com/sport/59114162
10 November 2021,https://www.bbc.com/sport/59215995
11 November 2021,https://www.bbc.com/sport/59240631
12 November 2021,https://www.bbc.com/sport/59255389
13 November 2021,https://www.bbc.com/sport/59261955
14 November 2021,https://www.bbc.com/sport/59275949
15 November 2021,https://www.bbc.com/sport/59282920
16 November 2021,https://www.bbc.com/sport/59296228
17 November 2021,https://www.bbc.com/sport/59309396
18 November 2021,https://www.bbc.com/sport/59337875
20 November 2021,https://www.bbc.com/sport/59351526
21 November 2021,https://www.bbc.com/sport/59356113
22 November 2021,https://www.bbc.com/sport/59362964
23 November 2021,https://www.bbc.com/sport/59380102
24 November 2021,https://www.bbc.com/sport/59391768
25 November 2021,https://www.bbc.com/sport/59407056
26 November 2021,https://www.bbc.com/sport/59420969
27 November 2021,https://www.bbc.com/sport/59425541
28 November 2021,https://www.bbc.com/sport/59447911
29 November 2021,https://www.bbc.com/sport/59454537
30 November 2021,https://www.bbc.com/sport/59469006
1 December 2021,https://www.bbc.com/sport/59480605
2 December 2021,https://www.bbc.com/sport/59495587
3 December 2021,https://www.bbc.com/sport/59510479
4 December 2021,https://www.bbc.com/sport/59523734
5 December 2021,https://www.bbc.com/sport/59522041
6 December 2021,https://www.bbc.com/sport/59536454
7 December 2021,https://www.bbc.com/sport/59556830
8 December 2021,https://www.bbc.com/sport/59570092
9 December 2021,https://www.bbc.com/sport/59583664
10 December 2021,https://www.bbc.com/sport/59599592
11 December 2021,https://www.bbc.com/sport/59613700
12 December 2021,https://www.bbc.com/sport/59623389
13 December 2021,https://www.bbc.com/sport/59630022
14 December 2021,https://www.bbc.com/sport/59642439
15 December 2021,https://www.bbc.com/sport/59657196
16 December 2021,https://www.bbc.com/sport/59672559
17 December 2021,https://www.bbc.com/sport/59690577
18 December 2021,https://www.bbc.com/sport/59702446
19 December 2021,https://www.bbc.com/sport/59711705
20 December 2021,https://www.bbc.com/sport/59720386
21 December 2021,https://www.bbc.com/sport/59736095
22 December 2021,https://www.bbc.com/sport/59745709
23 December 2021,https://www.bbc.com/sport/59760903
24 December 2021,https://www.bbc.com/sport/59773494
26 December 2021,https://www.bbc.com/sport/59793565
27 December 2021,https://www.bbc.com/sport/59782641
28 December 2021,https://www.bbc.com/sport/59804221
29 December 2021,https://www.bbc.com/sport/59806196
30 December 2021,https://www.bbc.com/sport/59814197
31 December 2021,https://www.bbc.com/sport/59833826
1 January 2022,https://www.bbc.com/sport/59840889
2 January 2022,https://www.bbc.com/sport/59849403
3 January 2022,https://www.bbc.com/sport/59852823
4 January 2022,https://www.bbc.com/sport/59860687
5 January 2022,https://www.bbc.com/sport/59871677
6 January 2022,https://www.bbc.com/sport/59885273
7 January 2022,https://www.bbc.com/sport/59899102
8 January 2022,https://www.bbc.com/sport/59913576
9 January 2022,https://www.bbc.com/sport/59924678
10 January 2022,https://www.bbc.com/sport/59930065
11 January 2022,https://www.bbc.com/sport/59946918
13 January 2022,https://www.bbc.com/sport/59971483
14 January 2022,https://www.bbc.com/sport/59987967
15 January 2022,https://www.bbc.com/sport/59999233
16 January 2022,https://www.bbc.com/sport/59999330
17 January 2022,https://www.bbc.com/sport/60018249
18 January 2022,https://www.bbc.com/sport/60028945
19 January 2022,https://www.bbc.com/sport/60042747
20 January 2022,https://www.bbc.com/sport/60014293
21 January 2022,https://www.bbc.com/sport/60056492
22 January 2022,https://www.bbc.com/sport/60088716
23 January 2022,https://www.bbc.com/sport/60084296
24 January 2022,https://www.bbc.com/sport/60104692
25 January 2022,https://www.bbc.com/sport/60116435
26 January 2022,https://www.bbc.com/sport/60134433
27 January 2022,https://www.bbc.com/sport/60145233
28 January 2022,https://www.bbc.com/sport/60127487
29 January 2022,https://www.bbc.com/sport/60167441
31 January 2022,https://www.bbc.com/sport/60191675
